Ref,Val,Package,PosX,PosY,Rot,Side
"C1","100nF","C_0603_1608Metric_Pad1.08x0.95mm_HandSolder",80.693472,-103.668000,90.000000,top
"C2","100nF","C_0603_1608Metric_Pad1.08x0.95mm_HandSolder",79.629000,-84.428500,90.000000,top
"C3","100nF","C_0603_1608Metric_Pad1.08x0.95mm_HandSolder",114.300000,-62.738000,0.000000,top
"C4","100nF","C_0603_1608Metric_Pad1.08x0.95mm_HandSolder",89.889500,-72.263000,0.000000,top
"C5","100nF","C_0603_1608Metric_Pad1.08x0.95mm_HandSolder",97.663000,-90.297000,90.000000,top
"C6","100nF","C_0603_1608Metric_Pad1.08x0.95mm_HandSolder",113.006000,-100.965000,90.000000,top
"C7","10nF","C_0603_1608Metric_Pad1.08x0.95mm_HandSolder",123.290500,-73.915651,180.000000,top
"C8","10uF","C_0603_1608Metric_Pad1.08x0.95mm_HandSolder",118.718500,-84.329651,180.000000,top
"C9","220uF","CP_Radial_D8.0mm_P3.50mm",109.474000,-70.074349,-90.000000,top
"C10","1uF","C_0603_1608Metric_Pad1.08x0.95mm_HandSolder",104.562666,-36.578953,90.000000,top
"C11","1uF","C_0603_1608Metric_Pad1.08x0.95mm_HandSolder",98.466666,-37.585953,90.000000,top
"C12","220uF","CP_EIA-7343-43_Kemet-X_Pad2.25x2.55mm_HandSolder",83.995472,-104.684000,-90.000000,top
"C13","220uF","CP_EIA-7343-43_Kemet-X_Pad2.25x2.55mm_HandSolder",83.439000,-87.020000,-90.000000,top
"C14","220uF","CP_EIA-7343-43_Kemet-X_Pad2.25x2.55mm_HandSolder",101.219000,-87.630000,-90.000000,top
"C15","220uF","CP_EIA-7343-43_Kemet-X_Pad2.25x2.55mm_HandSolder",116.562000,-103.353000,-90.000000,top
"C16","100uF","CP_Radial_D5.0mm_P2.00mm",121.158000,-88.011000,180.000000,top
"D1","SS34","D_SMA",124.206000,-80.741651,90.000000,top
"D2","SS34","D_SMA",83.607666,-36.578953,0.000000,top
"D3","3v3","LED_0603_1608Metric_Pad1.05x0.95mm_HandSolder",124.827000,-55.823349,180.000000,top
"D4","5v","LED_0603_1608Metric_Pad1.05x0.95mm_HandSolder",124.827000,-57.548000,180.000000,top
"D5","9v","LED_0603_1608Metric_Pad1.05x0.95mm_HandSolder",124.827000,-59.326000,180.000000,top
"D6","12v","LED_0603_1608Metric_Pad1.05x0.95mm_HandSolder",124.827000,-61.087000,180.000000,top
"D7","OK","LED_0603_1608Metric_Pad1.05x0.95mm_HandSolder",124.827000,-54.119000,180.000000,top
"D8","SMAJ13A","D_SMA",71.882000,-101.124000,90.000000,top
"D9","BAV23CL","SOT-23-3",71.882000,-106.934000,90.000000,top
"D10","SMAJ13A","D_SMA",71.501000,-82.010000,90.000000,top
"D11","BAV23CL","SOT-23-3",71.501000,-87.884000,90.000000,top
"D12","SMAJ13A","D_SMA",89.789000,-87.884000,-90.000000,top
"D13","BAV23CL","SOT-23-3",89.789000,-93.726000,90.000000,top
"D14","SMAJ13A","D_SMA",104.878000,-98.520000,90.000000,top
"D15","BAV23CL","SOT-23-3",104.878000,-104.648000,90.000000,top
"J1","MAIN_BOARD_IO","PinHeader_1x12_P2.54mm_Vertical",73.660000,-62.364953,90.000000,top
"J2","MAIN_BOARD_POWER","PinHeader_1x12_P2.54mm_Vertical",73.660000,-113.164953,90.000000,top
"J3","MAIN_BOARD_FP","PinHeader_1x12_P2.54mm_Vertical",73.660000,-163.964953,90.000000,top
"J4","Serial (3v3)","PinHeader_1x06_P2.54mm_Vertical",70.653666,-33.149953,0.000000,top
"L1","15uH","L_7.3x7.3_H3.5",121.666000,-68.835651,180.000000,top
"Q1","AO3400A","SOT-23_Handsoldering",77.391472,-98.080000,180.000000,top
"Q2","IRF9Z24NPBF","TO-220-3_Vertical",77.391472,-107.986000,90.000000,top
"Q3","AO3400A","SOT-23_Handsoldering",72.898000,-94.488000,180.000000,top
"Q4","AO3400A","SOT-23_Handsoldering",77.113000,-79.563000,180.000000,top
"Q5","IRF9Z24NPBF","TO-220-3_Vertical",76.835000,-89.317000,90.000000,top
"Q6","AO3400A","SOT-23_Handsoldering",72.644000,-75.438000,180.000000,top
"Q7","AO3400A","SOT-23_Handsoldering",95.123000,-84.836000,180.000000,top
"Q8","IRF9Z24NPBF","TO-220-3_Vertical",95.123000,-94.651000,90.000000,top
"Q9","AO3400A","SOT-23_Handsoldering",90.805000,-81.026000,180.000000,top
"Q10","AO3400A","SOT-23_Handsoldering",110.974000,-95.885000,180.000000,top
"Q11","IRF9Z24NPBF","TO-220-3_Vertical",110.466000,-105.791000,90.000000,top
"Q12","AO3400A","SOT-23_Handsoldering",106.807000,-91.948000,180.000000,top
"R1","0.5R","R_Axial_DIN0309_L9.0mm_D3.2mm_P5.08mm_Vertical",90.424000,-103.124000,-90.000000,top
"R2","100k","R_0603_1608Metric_Pad0.98x0.95mm_HandSolder",91.186000,-74.422000,0.000000,top
"R3","10k","R_0603_1608Metric_Pad0.98x0.95mm_HandSolder",95.758000,-45.442500,-90.000000,top
"R4","100k","R_0603_1608Metric_Pad0.98x0.95mm_HandSolder",88.519000,-75.311000,90.000000,top
"R5","100k","R_0603_1608Metric_Pad0.98x0.95mm_HandSolder",94.107000,-45.442500,90.000000,top
"R6","150k","R_0603_1608Metric_Pad0.98x0.95mm_HandSolder",98.679000,-67.564000,90.000000,top
"R7","10k","R_0603_1608Metric_Pad0.98x0.95mm_HandSolder",80.693472,-108.597500,-90.000000,top
"R8","100k","R_0603_1608Metric_Pad0.98x0.95mm_HandSolder",99.314000,-70.104000,180.000000,top
"R9","150k","R_0603_1608Metric_Pad0.98x0.95mm_HandSolder",100.203000,-67.555000,-90.000000,top
"R10","100k","R_0603_1608Metric_Pad0.98x0.95mm_HandSolder",91.186000,-76.200000,180.000000,top
"R11","10k","R_0603_1608Metric_Pad0.98x0.95mm_HandSolder",99.949000,-45.489500,90.000000,top
"R12","100k","R_0603_1608Metric_Pad0.98x0.95mm_HandSolder",98.298000,-45.466000,-90.000000,top
"R13","100k","R_0603_1608Metric_Pad0.98x0.95mm_HandSolder",91.186000,-70.129048,180.000000,top
"R14","10k","R_0603_1608Metric_Pad0.98x0.95mm_HandSolder",82.192500,-80.518000,0.000000,top
"R15","100k","R_0603_1608Metric_Pad0.98x0.95mm_HandSolder",88.392000,-69.238500,90.000000,top
"R16","100k","R_0603_1608Metric_Pad0.98x0.95mm_HandSolder",101.600000,-45.489500,90.000000,top
"R17","150k","R_0603_1608Metric_Pad0.98x0.95mm_HandSolder",95.885000,-71.628000,180.000000,top
"R18","10k","R_0603_1608Metric_Pad0.98x0.95mm_HandSolder",79.629000,-90.170000,-90.000000,top
"R19","100k","R_0603_1608Metric_Pad0.98x0.95mm_HandSolder",99.314000,-71.628000,180.000000,top
"R20","150k","R_0603_1608Metric_Pad0.98x0.95mm_HandSolder",95.885000,-69.750000,0.000000,top
"R21","100k","R_0603_1608Metric_Pad0.98x0.95mm_HandSolder",91.186000,-68.326000,0.000000,top
"R22","10k","R_0603_1608Metric_Pad0.98x0.95mm_HandSolder",103.378000,-53.871500,90.000000,top
"R23","100k","R_0603_1608Metric_Pad0.98x0.95mm_HandSolder",103.251000,-45.569500,90.000000,top
"R24","100k","R_0603_1608Metric_Pad0.98x0.95mm_HandSolder",111.252000,-36.094453,-90.000000,top
"R25","100k","R_0603_1608Metric_Pad0.98x0.95mm_HandSolder",108.508666,-35.181953,180.000000,top
"R26","0.5R","R_Axial_DIN0309_L9.0mm_D3.2mm_P5.08mm_Vertical",94.234000,-103.124000,-90.000000,top
"R27","100k","R_0603_1608Metric_Pad0.98x0.95mm_HandSolder",75.160500,-70.104000,180.000000,top
"R28","10k","R_0603_1608Metric_Pad0.98x0.95mm_HandSolder",109.728000,-45.847000,180.000000,top
"R29","100k","R_0603_1608Metric_Pad0.98x0.95mm_HandSolder",78.486000,-69.111500,-90.000000,top
"R30","100k","R_0603_1608Metric_Pad0.98x0.95mm_HandSolder",106.322500,-45.847000,180.000000,top
"R31","150k","R_0603_1608Metric_Pad0.98x0.95mm_HandSolder",95.885000,-73.152000,180.000000,top
"R32","10k","R_0603_1608Metric_Pad0.98x0.95mm_HandSolder",97.663000,-95.631000,-90.000000,top
"R33","100k","R_0603_1608Metric_Pad0.98x0.95mm_HandSolder",99.314000,-73.152000,180.000000,top
"R34","150k","R_0603_1608Metric_Pad0.98x0.95mm_HandSolder",95.885000,-74.676000,0.000000,top
"R35","100k","R_0603_1608Metric_Pad0.98x0.95mm_HandSolder",75.160500,-68.453000,0.000000,top
"R36","10k","R_0603_1608Metric_Pad0.98x0.95mm_HandSolder",110.617000,-42.291000,-90.000000,top
"R37","100k","R_0603_1608Metric_Pad0.98x0.95mm_HandSolder",112.268000,-44.934500,90.000000,top
"R38","100k","R_0603_1608Metric_Pad0.98x0.95mm_HandSolder",77.573500,-72.644000,180.000000,top
"R39","10k","R_0603_1608Metric_Pad0.98x0.95mm_HandSolder",116.943500,-41.402000,180.000000,top
"R40","100k","R_0603_1608Metric_Pad0.98x0.95mm_HandSolder",78.486000,-75.184000,90.000000,top
"R41","100k","R_0603_1608Metric_Pad0.98x0.95mm_HandSolder",114.046000,-44.934500,90.000000,top
"R42","150k","R_0603_1608Metric_Pad0.98x0.95mm_HandSolder",98.425000,-77.216000,-90.000000,top
"R43","10k","R_0603_1608Metric_Pad0.98x0.95mm_HandSolder",113.006000,-106.680000,-90.000000,top
"R44","100k","R_0603_1608Metric_Pad0.98x0.95mm_HandSolder",99.314000,-74.676000,180.000000,top
"R45","150k","R_0603_1608Metric_Pad0.98x0.95mm_HandSolder",100.203000,-77.216000,90.000000,top
"R46","100k","R_0603_1608Metric_Pad0.98x0.95mm_HandSolder",76.835000,-75.160500,90.000000,top
"R47","10k","R_0603_1608Metric_Pad0.98x0.95mm_HandSolder",116.078000,-45.466000,90.000000,top
"R48","100k","R_0603_1608Metric_Pad0.98x0.95mm_HandSolder",117.729000,-45.466000,-90.000000,top
"R49","10k","R_0603_1608Metric_Pad0.98x0.95mm_HandSolder",115.062000,-72.899651,-90.000000,top
"R50","4k7","R_0603_1608Metric_Pad0.98x0.95mm_HandSolder",108.722000,-42.293953,90.000000,top
"R51","4k7","R_0603_1608Metric_Pad0.98x0.95mm_HandSolder",106.975666,-42.279953,90.000000,top
"R52","100k","R_0603_1608Metric_Pad0.98x0.95mm_HandSolder",123.444000,-45.743500,-90.000000,top
"R53","1.5k","R_0603_1608Metric_Pad0.98x0.95mm_HandSolder",115.062000,-76.727651,-90.000000,top
"R54","1.5k","R_0603_1608Metric_Pad0.98x0.95mm_HandSolder",118.358500,-55.753000,180.000000,top
"R55","4k7","R_0603_1608Metric_Pad0.98x0.95mm_HandSolder",118.335000,-57.531000,0.000000,top
"R56","10k","R_0603_1608Metric_Pad0.98x0.95mm_HandSolder",118.335000,-59.309000,180.000000,top
"R57","10k","R_0603_1608Metric_Pad0.98x0.95mm_HandSolder",118.335000,-60.960000,180.000000,top
"R58","1.5k","R_0603_1608Metric_Pad0.98x0.95mm_HandSolder",118.335000,-53.975000,180.000000,top
"R59","680","R_0603_1608Metric_Pad0.98x0.95mm_HandSolder",121.285000,-45.696500,90.000000,top
"TR1","TRANSF5","42TL+U",86.116000,-150.084953,-90.000000,top
"TR2","TRANSF5","42TL+U",86.116000,-130.084953,-90.000000,top
"TR3","TRANSF5","42TL+U",115.072000,-130.050953,-90.000000,top
"TR4","TRANSF5","42TL+U",115.072000,-150.116953,-90.000000,top
"U1","LM324","SOIC-14_3.9x8.7mm_P1.27mm",83.566000,-72.288048,180.000000,top
"U2","MCP4728","MSOP-10_3x3mm_P0.5mm",109.347000,-61.722000,180.000000,top
"U3","TPS5430DDA","TI_SO-PowerPAD-8_ThermalVias",119.126000,-78.741651,-90.000000,top
"U4","Pico","RPi_Pico_SMD_TH",99.609666,-40.007953,90.000000,top
"U5","XC6206P332MR","SOT-23",101.625666,-37.655953,0.000000,top
