"Id";"Designator";"Package";"Quantity";"Designation";"Supplier and ref";
1;"C7";"C_0603_1608Metric_Pad1.08x0.95mm_HandSolder";1;"10nF";;;
2;"C8";"C_0603_1608Metric_Pad1.08x0.95mm_HandSolder";1;"10uF";;;
3;"U3";"TI_SO-PowerPAD-8_ThermalVias";1;"TPS5430DDA";;;
4;"R53,R54,R58";"R_0603_1608Metric_Pad0.98x0.95mm_HandSolder";3;"1.5k";;;
5;"D1,D2";"D_SMA";2;"SS34";;;
6;"R49,R56,R57,R43,R47,R39,R32,R11,R3,R22,R36,R18,R28,R14,R7";"R_0603_1608Metric_Pad0.98x0.95mm_HandSolder";15;"10k";;;
7;"C9";"CP_Radial_D8.0mm_P3.50mm";1;"220uF";;;
8;"TP1";"TestPoint_Pad_2.5x2.5mm";1;"9.36v";;;
9;"D5";"LED_0603_1608Metric_Pad1.05x0.95mm_HandSolder";1;"9v";;;
10;"D6";"LED_0603_1608Metric_Pad1.05x0.95mm_HandSolder";1;"12v";;;
11;"R50,R51,R55";"R_0603_1608Metric_Pad0.98x0.95mm_HandSolder";3;"4k7";;;
12;"C10,C11";"C_0603_1608Metric_Pad1.08x0.95mm_HandSolder";2;"1uF";;;
13;"D4";"LED_0603_1608Metric_Pad1.05x0.95mm_HandSolder";1;"5v";;;
14;"D7";"LED_0603_1608Metric_Pad1.05x0.95mm_HandSolder";1;"OK";;;
15;"J3";"PinHeader_1x12_P2.54mm_Vertical";1;"MAIN_BOARD_FP";;;
16;"J4";"PinHeader_1x06_P2.54mm_Vertical";1;"Serial (3v3)";;;
17;"R1,R26";"R_Axial_DIN0309_L9.0mm_D3.2mm_P5.08mm_Vertical";2;"0.5R";;;
18;"R24,R25,R52,R21,R13,R38,R8,R19,R44,R33,R46,R29,R2,R40,R4,R10,R27,R15,R35,R48,R41,R16,R30,R37,R5,R23,R12";"R_0603_1608Metric_Pad0.98x0.95mm_HandSolder";27;"100k";;;
19;"TR1,TR2,TR3,TR4";"42TL+U";4;"TRANSF5";;;
20;"U2";"MSOP-10_3x3mm_P0.5mm";1;"MCP4728";;;
21;"U4";"RPi_Pico_SMD_TH";1;"Pico";;;
22;"U5";"SOT-23";1;"XC6206P332MR";;;
23;"J1";"PinHeader_1x12_P2.54mm_Vertical";1;"MAIN_BOARD_IO";;;
24;"Q2,Q5,Q8,Q11";"TO-220-3_Vertical";4;"IRF9Z24NPBF";;;
25;"R9,R6,R42,R31,R20,R34,R45,R17";"R_0603_1608Metric_Pad0.98x0.95mm_HandSolder";8;"150k";;;
26;"C4,C3,C6,C2,C5,C1";"C_0603_1608Metric_Pad1.08x0.95mm_HandSolder";6;"100nF";;;
27;"U1";"SOIC-14_3.9x8.7mm_P1.27mm";1;"LM324";;;
28;"C12,C13,C14,C15";"CP_EIA-7343-43_Kemet-X_Pad2.25x2.55mm_HandSolder";4;"220uF";;;
29;"D8,D10,D12,D14";"D_SMA";4;"SMAJ13A";;;
30;"D9,D11,D13,D15";"SOT-23-3";4;"BAV23CL";;;
31;"R59";"R_0603_1608Metric_Pad0.98x0.95mm_HandSolder";1;"680";;;
32;"Q1,Q3,Q4,Q6,Q7,Q9,Q10,Q12";"SOT-23_Handsoldering";8;"AO3400A";;;
33;"J2";"PinHeader_1x12_P2.54mm_Vertical";1;"MAIN_BOARD_POWER";;;
34;"D3";"LED_0603_1608Metric_Pad1.05x0.95mm_HandSolder";1;"3v3";;;
35;"C16";"CP_Radial_D5.0mm_P2.00mm";1;"100uF";;;
36;"L1";"L_7.3x7.3_H3.5";1;"15uH";;;
