Designator,Val,Package,Mid X,Mid Y,Rotation,Layer
BT1,26650 Cell,BH-26650-A5BJ001,91.1712,-72.2686,0.0,top
C1,1uF,C_0603_1608Metric_Pad1.08x0.95mm_HandSolder,111.0375,-120.6,180.0,top
C2,1uF,C_0603_1608Metric_Pad1.08x0.95mm_HandSolder,77.047107,-104.021785,90.0,top
C3,100nF,C_0603_1608Metric_Pad1.08x0.95mm_HandSolder,114.1,-131.7,-90.0,top
C4,100nF,C_0603_1608Metric_Pad1.08x0.95mm_HandSolder,117.2856,-131.74,90.0,top
C5,1uF,C_0603_1608Metric_Pad1.08x0.95mm_HandSolder,162.2,-120.5,180.0,top
C6,100nF,C_0603_1608Metric_Pad1.08x0.95mm_HandSolder,115.66,-131.74,-90.0,top
C7,100nF,C_0603_1608Metric_Pad1.08x0.95mm_HandSolder,118.8604,-131.74,-90.0,top
C8,100nF,C_0603_1608Metric_Pad1.08x0.95mm_HandSolder,101.28,-107.5025,90.0,top
C9,10uF,C_0603_1608Metric_Pad1.08x0.95mm_HandSolder,142.03,-62.17,180.0,top
C10,100nF,C_0603_1608Metric_Pad1.08x0.95mm_HandSolder,224.3625,-91.7448,0.0,top
C11,220uF,CP_EIA-7343-43_Kemet-X_Pad2.25x2.55mm_HandSolder,231.0892,-87.0712,180.0,top
C12,100nF,C_0603_1608Metric_Pad1.08x0.95mm_HandSolder,232.7391,-60.0964,0.0,top
C13,100nF,C_0603_1608Metric_Pad1.08x0.95mm_HandSolder,220.6752,-79.8,-90.0,top
C14,220uF,CP_EIA-7343-43_Kemet-X_Pad2.25x2.55mm_HandSolder,223.9772,-80.645,90.0,top
C15,100nF,C_0603_1608Metric_Pad1.08x0.95mm_HandSolder,235.839,-82.9056,-90.0,top
C16,100nF,C_0603_1608Metric_Pad1.08x0.95mm_HandSolder,227.5675,-113.83,0.0,top
C17,220uF,CP_EIA-7343-43_Kemet-X_Pad2.25x2.55mm_HandSolder,238.05,-127.35,180.0,top
C18,100nF,C_0603_1608Metric_Pad1.08x0.95mm_HandSolder,235.85,-111.75,-90.0,top
C19,220uF,CP_EIA-7343-43_Kemet-X_Pad2.25x2.55mm_HandSolder,239.75,-120.15,90.0,top
C20,100nF,C_0603_1608Metric_Pad1.08x0.95mm_HandSolder,181.9,-73.3,-90.0,top
C21,1uF,C_0603_1608Metric_Pad1.08x0.95mm_HandSolder,188.556,-74.64,90.0,top
C22,22uF,C_0805_2012Metric_Pad1.18x1.45mm_HandSolder,190.386,-74.41,-90.0,top
C23,22uF,C_0805_2012Metric_Pad1.18x1.45mm_HandSolder,195.31,-74.4075,-90.0,top
C24,22uF,C_0805_2012Metric_Pad1.18x1.45mm_HandSolder,192.86,-74.4075,-90.0,top
C25,10uF,C_0603_1608Metric_Pad1.08x0.95mm_HandSolder,173.8,-76.1,-90.0,top
C26,1uF,C_0603_1608Metric_Pad1.08x0.95mm_HandSolder,147.05,-62.17,0.0,top
C27,10nF,C_0603_1608Metric_Pad1.08x0.95mm_HandSolder,190.02,-69.03,-90.0,top
C28,100nF,C_0603_1608Metric_Pad1.08x0.95mm_HandSolder,179.7,-76.3,-90.0,top
C29,3.3nF,C_0603_1608Metric_Pad1.08x0.95mm_HandSolder,184.35,-67.7,90.0,top
C30,100nF,C_0603_1608Metric_Pad1.08x0.95mm_HandSolder,183.94,-77.2,90.0,top
C31,100nF,C_0603_1608Metric_Pad1.08x0.95mm_HandSolder,114.65,-92.1,90.0,top
C32,1uF,C_0603_1608Metric_Pad1.08x0.95mm_HandSolder,88.8425,-87.66,180.0,top
C33,3.3nF,C_0603_1608Metric_Pad1.08x0.95mm_HandSolder,133.2,-85.2225,90.0,top
C34,100nF,C_0603_1608Metric_Pad1.08x0.95mm_HandSolder,114.65,-88.7,90.0,top
C35,3.3nF,C_0603_1608Metric_Pad1.08x0.95mm_HandSolder,128.2775,-99.09,180.0,top
C36,1uF,C_0603_1608Metric_Pad1.08x0.95mm_HandSolder,88.8125,-89.65,180.0,top
C37,1uF,C_0603_1608Metric_Pad1.08x0.95mm_HandSolder,135.75,-99.99,90.0,top
C38,22uF,C_0805_2012Metric_Pad1.18x1.45mm_HandSolder,126.01,-88.42,90.0,top
C39,1uF,C_0603_1608Metric_Pad1.08x0.95mm_HandSolder,123.3225,-98.8,0.0,top
C40,10uF,C_0603_1608Metric_Pad1.08x0.95mm_HandSolder,116.4,-91.9625,90.0,top
C41,1uF,C_0603_1608Metric_Pad1.08x0.95mm_HandSolder,136.77,-92.1475,-90.0,top
C42,1uF,C_0603_1608Metric_Pad1.08x0.95mm_HandSolder,131.59,-88.64,90.0,top
C43,1uF,C_0603_1608Metric_Pad1.08x0.95mm_HandSolder,59.68,-87.51,0.0,top
C44,1uF,C_0603_1608Metric_Pad1.08x0.95mm_HandSolder,92.15,-110.0375,-90.0,top
C45,1uF,C_0603_1608Metric_Pad1.08x0.95mm_HandSolder,85.45,-109.15,90.0,top
C46,220uF,CP_EIA-7343-43_Kemet-X_Pad2.25x2.55mm_HandSolder,162.7,-70.6,180.0,top
C47,0.47uF,C_0603_1608Metric_Pad1.08x0.95mm_HandSolder,52.3,-107.4225,-90.0,top
C48,1uF,C_0603_1608Metric_Pad1.08x0.95mm_HandSolder,62.34,-89.95,90.0,top
C49,100nF,C_0603_1608Metric_Pad1.08x0.95mm_HandSolder,137.3,-61.8,-90.0,top
C50,47nF,C_0603_1608Metric_Pad1.08x0.95mm_HandSolder,64.05,-114.55,0.0,top
C51,100nF,C_0603_1608Metric_Pad1.08x0.95mm_HandSolder,143.3325,-84.81,180.0,top
C52,1uF,C_0603_1608Metric_Pad1.08x0.95mm_HandSolder,142.782501,-91.594,0.0,top
C53,22uF,C_0805_2012Metric_Pad1.18x1.45mm_HandSolder,142.552501,-94.312666,180.0,top
C54,22uF,C_0805_2012Metric_Pad1.18x1.45mm_HandSolder,142.552501,-97.281332,180.0,top
C55,22uF,C_0805_2012Metric_Pad1.18x1.45mm_HandSolder,142.552501,-100.25,180.0,top
C56,10uF,C_0603_1608Metric_Pad1.08x0.95mm_HandSolder,141.3925,-73.96,180.0,top
C57,10nF,C_0603_1608Metric_Pad1.08x0.95mm_HandSolder,147.8975,-94.81,180.0,top
C58,10nF,C_0603_1608Metric_Pad1.08x0.95mm_HandSolder,83.9592,-132.5936,180.0,top
C59,100nF,C_0603_1608Metric_Pad1.08x0.95mm_HandSolder,141.41,-82.19,180.0,top
C60,3.3nF,C_0603_1608Metric_Pad1.08x0.95mm_HandSolder,148.77,-86.37,0.0,top
C61,100nF,C_0603_1608Metric_Pad1.08x0.95mm_HandSolder,139.73,-86.69,0.0,top
C62,10nF,C_0603_1608Metric_Pad1.08x0.95mm_HandSolder,82.4,-120.35,90.0,top
C64,22uF,C_0805_2012Metric_Pad1.18x1.45mm_HandSolder,171.9,-76.3,90.0,top
C65,22uF,C_0805_2012Metric_Pad1.18x1.45mm_HandSolder,141.2,-71.78,180.0,top
C66,10uF,C_0603_1608Metric_Pad1.08x0.95mm_HandSolder,230.2,-67.3,0.0,top
C67,10uF,C_0603_1608Metric_Pad1.08x0.95mm_HandSolder,60.8575,-111.7,-90.0,top
C68,10uF,C_0603_1608Metric_Pad1.08x0.95mm_HandSolder,61.4,-106.0875,90.0,top
C69,4.7uF,C_0603_1608Metric_Pad1.08x0.95mm_HandSolder,61.1,-119.05,0.0,top
C70,10uF,C_0603_1608Metric_Pad1.08x0.95mm_HandSolder,67.75,-114.6,0.0,top
D1,BZX584C3V6,D_SOD-523,158.66,-109.82,90.0,top
D3,PG,LED_0603_1608Metric_Pad1.05x0.95mm_HandSolder,76.175,-121.25,180.0,top
D4,CHRG,LED_0603_1608Metric_Pad1.05x0.95mm_HandSolder,76.2,-119.65,180.0,top
D5,1SMA4734A,D_SMA,151.35,-111.7,90.0,top
D6,BZX584C3V6,D_SOD-523,151.96,-106.88,180.0,top
D7,SMAJ13A,D_SMA,222.2312,-87.376,0.0,top
D8,BAV23CL,SOT-23-3,214.04,-90.85,180.0,top
D9,SMAJ13A,D_SMA,212.68,-85.56,90.0,top
D10,BAV23CL,SOT-23-3,216.61,-87.21,180.0,top
D11,SMAJ13A,D_SMA,216.33,-111.23,-90.0,top
D12,BAV23CL,SOT-23-3,216.7382,-105.84,180.0,top
D13,9v,LED_0603_1608Metric_Pad1.05x0.95mm_HandSolder,210.1019,-69.7256,0.0,top
D14,OK,LED_0603_1608Metric_Pad1.05x0.95mm_HandSolder,155.7,-59.2,180.0,top
D15,SMAJ13A,D_SMA,222.78,-104.87,180.0,top
D16,BAV23CL,SOT-23-3,233.2482,-108.15,90.0,top
D17,SS34,D_SMA,203.4,-69.0,90.0,top
D18,BZX584C3V6,D_SOD-523,182.3,-120.82,180.0,top
D20,BZX584C3V6,D_SOD-523,165.45,-120.57,180.0,top
D21,BZX584C3V6,D_SOD-523,130.37,-106.77,0.0,top
D22,BZX584C3V6,D_SOD-523,126.74,-109.01,180.0,top
D23,BZX584C3V6,D_SOD-523,152.02,-119.42,-90.0,top
D24,BZX584C3V6,D_SOD-523,157.19,-109.8,90.0,top
D25,BZX584C3V6,D_SOD-523,148.74,-113.82,90.0,top
D26,BZX584C3V6,D_SOD-523,119.93,-108.08,-90.0,top
D27,BZX584C3V6,D_SOD-523,119.9,-103.01,0.0,top
D28,BZX584C3V6,D_SOD-523,100.75,-120.6,0.0,top
F1,500mA,Fuse_0805_2012Metric_Pad1.15x1.40mm_HandSolder,146.33,-119.6,180.0,top
J1,TRG1,PJ-3062-CO,160.7402,-127.8995,0.0,top
J2,TRG2,PJ-3062-CO,174.2022,-127.8995,0.0,top
J3,Conn_02x04_Odd_Even,PinSocket_2x04_P2.54mm_Vertical,137.82,-109.22,180.0,top
J4,AudioJack3_SwitchTR,PJ-3062-CO,106.8578,-127.8995,0.0,top
J5,Conn_02x04_Odd_Even,PinSocket_2x04_P2.54mm_Vertical,115.04,-106.5,270.0,top
J6,LCD,Molex_KK-254_AE-6410-10A_1x10_P2.54mm_Vertical,126.38,-116.08,180.0,top
J7,ACC Port,DSUB-9_Female_Horizontal_P2.77x2.84mm_EdgePinOffset7.70mm_Housed_MountingHolesOffset9.12mm,135.7502,-130.4836,270.0,top
J8,FrontPanel,IDC-Header_2x04_P2.54mm_Vertical,77.47,-92.0,180.0,top
J9,433TX,PinSocket_1x03_P2.54mm_Vertical,143.31,-64.74,0.0,top
J11,CHAN1,PJ-3062-CO,189.94,-127.89,0.0,top
J12,CHAN2,PJ-3062-CO,202.326666,-127.89,0.0,top
J13,Conn_01x02,Molex_KK-254_AE-6410-02A_1x02_P2.54mm_Vertical,216.22,-64.02,90.0,top
J14,CHAN3,PJ-3062-CO,214.713332,-127.89,0.0,top
J15,CHAN4,PJ-3062-CO,227.1,-127.89,0.0,top
J18,AudioJack3_SwitchTR,PJ-3062-CO,93.2942,-127.8995,0.0,top
J20,USB_C_Receptacle,1054500101,77.0382,-126.7206,0.0,top
L1,1.5uH,FXL0630,176.5,-69.4,0.0,top
L2,1.5uH,FXL0630,146.66,-79.2,-90.0,top
L3,FTC201610S1R0MBCA,FTC201610S,60.75,-114.5,180.0,top
Q1,AO3401A,SOT-23_Handsoldering,109.722107,-110.7936,90.0,top
Q2,AO3400A,SOT-23_Handsoldering,214.69,-94.4,0.0,top
Q3,IRF9Z24NPBF,TO-220-3_Vertical,220.125,-94.6,-90.0,top
Q4,AO3400A,SOT-23_Handsoldering,214.67,-98.01,0.0,top
Q5,AO3400A,SOT-23_Handsoldering,217.7542,-69.1388,180.0,top
Q6,IRF9Z24NPBF,TO-220-3_Vertical,217.3732,-76.2,-90.0,top
Q7,AO3400A,SOT-23_Handsoldering,218.45,-83.28,180.0,top
Q8,AO3400A,SOT-23_Handsoldering,216.9,-117.6,270.0,top
Q9,IRF9Z24NPBF,TO-220-3_Vertical,223.9772,-117.165,0.0,top
Q10,AO3400A,SOT-23_Handsoldering,236.157,-131.623,0.0,top
Q11,AO3400A,SOT-23_Handsoldering,231.32,-112.99,270.0,top
Q12,IRF9Z24NPBF,TO-220-3_Vertical,239.08,-110.18,-90.0,top
Q13,AO3400A,SOT-23_Handsoldering,229.2,-101.86,90.0,top
Q14,AO3401A,SOT-23_Handsoldering,102.4,-88.65,0.0,top
Q15,AO3401A,SOT-23_Handsoldering,96.8,-88.61,0.0,top
Q16,AO3401A,SOT-23_Handsoldering,149.575,-100.75,90.0,top
Q17,AO3400A,SOT-23_Handsoldering,155.075,-94.45,90.0,top
Q18,AO3401A,SOT-23_Handsoldering,199.1,-75.3,90.0,top
Q19,AO3400A,SOT-23_Handsoldering,199.55,-68.0,90.0,top
R1,10k,R_0603_1608Metric_Pad0.98x0.95mm_HandSolder,182.8112,-123.2536,-90.0,top
R2,10k,R_0603_1608Metric_Pad0.98x0.95mm_HandSolder,181.1512,-123.2611,-90.0,top
R3,10k,R_0603_1608Metric_Pad0.98x0.95mm_HandSolder,153.55,-121.85,-90.0,top
R4,10k,R_0603_1608Metric_Pad0.98x0.95mm_HandSolder,153.54,-118.4,-90.0,top
R5,100R,R_0603_1608Metric_Pad0.98x0.95mm_HandSolder,182.8012,-131.5136,-90.0,top
R6,100R,R_0603_1608Metric_Pad0.98x0.95mm_HandSolder,181.1812,-131.5136,90.0,top
R7,100R,R_0603_1608Metric_Pad0.98x0.95mm_HandSolder,152.8,-128.4,90.0,top
R8,100R,R_0603_1608Metric_Pad0.98x0.95mm_HandSolder,152.8,-131.8,-90.0,top
R9,100R,R_0603_1608Metric_Pad0.98x0.95mm_HandSolder,98.309607,-102.6936,0.0,top
R10,2k2,R_0603_1608Metric_Pad0.98x0.95mm_HandSolder,98.2875,-104.25,180.0,top
R11,10k,R_0603_1608Metric_Pad0.98x0.95mm_HandSolder,77.047107,-108.471785,-90.0,top
R12,100k,R_0603_1608Metric_Pad0.98x0.95mm_HandSolder,80.7,-112.9,0.0,top
R13,100k,R_0603_1608Metric_Pad0.98x0.95mm_HandSolder,84.1125,-111.65,0.0,top
R14,100R,R_0603_1608Metric_Pad0.98x0.95mm_HandSolder,120.9,-106.02,180.0,top
R15,10k,R_0603_1608Metric_Pad0.98x0.95mm_HandSolder,86.95,-102.3,90.0,top
R16,100R,R_0603_1608Metric_Pad0.98x0.95mm_HandSolder,120.89,-104.5,180.0,top
R17,10k,R_0603_1608Metric_Pad0.98x0.95mm_HandSolder,150.5,-117.37,0.0,top
R18,10k,R_0603_1608Metric_Pad0.98x0.95mm_HandSolder,146.02,-109.14,0.0,top
R19,100R,R_0603_1608Metric_Pad0.98x0.95mm_HandSolder,155.62,-106.98,180.0,top
R20,100R,R_0603_1608Metric_Pad0.98x0.95mm_HandSolder,155.62,-105.43,180.0,top
R21,100R,R_0603_1608Metric_Pad0.98x0.95mm_HandSolder,155.62,-103.88,180.0,top
R22,100R,R_0603_1608Metric_Pad0.98x0.95mm_HandSolder,155.62,-102.34,180.0,top
R23,10k,R_0603_1608Metric_Pad0.98x0.95mm_HandSolder,105.5775,-101.85,180.0,top
R24,10k,R_0603_1608Metric_Pad0.98x0.95mm_HandSolder,145.9875,-113.9,180.0,top
R25,10k,R_0603_1608Metric_Pad0.98x0.95mm_HandSolder,145.98,-110.804,180.0,top
R26,10k,R_0603_1608Metric_Pad0.98x0.95mm_HandSolder,145.98,-112.3788,180.0,top
R27,100R,R_0603_1608Metric_Pad0.98x0.95mm_HandSolder,145.6,-105.45,180.0,top
R28,100R,R_0603_1608Metric_Pad0.98x0.95mm_HandSolder,148.2,-106.45,90.0,top
R29,100R,R_0603_1608Metric_Pad0.98x0.95mm_HandSolder,143.7112,-118.4961,-90.0,top
R30,100R,R_0603_1608Metric_Pad0.98x0.95mm_HandSolder,53.25,-122.85,90.0,top
R31,100R,R_0603_1608Metric_Pad0.98x0.95mm_HandSolder,142.1712,-118.4961,-90.0,top
R32,100R,R_0603_1608Metric_Pad0.98x0.95mm_HandSolder,140.6112,-118.4861,-90.0,top
R33,10k,R_0603_1608Metric_Pad0.98x0.95mm_HandSolder,88.72,-95.78,180.0,top
R34,10k,R_0603_1608Metric_Pad0.98x0.95mm_HandSolder,90.04,-91.45,0.0,top
R35,100R,R_0603_1608Metric_Pad0.98x0.95mm_HandSolder,139.29,-67.5,0.0,top
R36,0.5R,R_2512_6332Metric_Pad1.40x3.35mm_HandSolder,224.6,-97.15,90.0,top
R37,100k,R_0603_1608Metric_Pad0.98x0.95mm_HandSolder,232.3,-81.9912,0.0,top
R38,10k,R_0603_1608Metric_Pad0.98x0.95mm_HandSolder,216.925,-90.8875,90.0,top
R39,100k,R_0603_1608Metric_Pad0.98x0.95mm_HandSolder,229.89445,-78.7908,90.0,top
R40,100k,R_0603_1608Metric_Pad0.98x0.95mm_HandSolder,208.175,-61.975,180.0,top
R41,150k,R_0603_1608Metric_Pad0.98x0.95mm_HandSolder,238.2247,-67.4624,0.0,top
R42,100k,R_0603_1608Metric_Pad0.98x0.95mm_HandSolder,238.0742,-65.278,0.0,top
R43,10k,R_0603_1608Metric_Pad0.98x0.95mm_HandSolder,224.3625,-90.2716,0.0,top
R44,150k,R_0603_1608Metric_Pad0.98x0.95mm_HandSolder,234.8249,-67.4624,0.0,top
R45,100k,R_0603_1608Metric_Pad0.98x0.95mm_HandSolder,232.3,-83.55,180.0,top
R46,10k,R_0603_1608Metric_Pad0.98x0.95mm_HandSolder,215.37,-100.7,0.0,top
R47,100k,R_0603_1608Metric_Pad0.98x0.95mm_HandSolder,218.82,-100.71,0.0,top
R48,100k,R_0603_1608Metric_Pad0.98x0.95mm_HandSolder,237.5154,-82.9056,90.0,top
R49,10k,R_0603_1608Metric_Pad0.98x0.95mm_HandSolder,222.4532,-67.818,0.0,top
R50,100k,R_0603_1608Metric_Pad0.98x0.95mm_HandSolder,239.0902,-82.9056,-90.0,top
R51,100k,R_0603_1608Metric_Pad0.98x0.95mm_HandSolder,222.4532,-69.469,180.0,top
R52,150k,R_0603_1608Metric_Pad0.98x0.95mm_HandSolder,240.8174,-82.9056,-90.0,top
R53,100k,R_0603_1608Metric_Pad0.98x0.95mm_HandSolder,238.0742,-63.7032,0.0,top
R54,10k,R_0603_1608Metric_Pad0.98x0.95mm_HandSolder,220.6752,-76.073,90.0,top
R55,150k,R_0603_1608Metric_Pad0.98x0.95mm_HandSolder,240.665,-78.8416,90.0,top
R56,100k,R_0603_1608Metric_Pad0.98x0.95mm_HandSolder,239.13,-86.27,0.0,top
R57,10k,R_0603_1608Metric_Pad0.98x0.95mm_HandSolder,223.139,-75.0316,0.0,top
R58,100k,R_0603_1608Metric_Pad0.98x0.95mm_HandSolder,230.9095,-65.4812,180.0,top
R59,100k,R_0603_1608Metric_Pad0.98x0.95mm_HandSolder,223.139,-73.2536,180.0,top
R60,100k,R_0603_1608Metric_Pad0.98x0.95mm_HandSolder,234.5,-65.5,180.0,top
R61,0.5R,R_2512_6332Metric_Pad1.40x3.35mm_HandSolder,233.275,-119.2,0.0,top
R62,100k,R_0603_1608Metric_Pad0.98x0.95mm_HandSolder,239.5474,-71.2216,0.0,top
R63,10k,R_0603_1608Metric_Pad0.98x0.95mm_HandSolder,233.98,-112.59,90.0,top
R64,100k,R_0603_1608Metric_Pad0.98x0.95mm_HandSolder,239.5474,-72.7456,180.0,top
R65,100k,R_0603_1608Metric_Pad0.98x0.95mm_HandSolder,169.93,-65.91,-90.0,top
R66,150k,R_0603_1608Metric_Pad0.98x0.95mm_HandSolder,235.4326,-71.9328,90.0,top
R67,100k,R_0603_1608Metric_Pad0.98x0.95mm_HandSolder,238.0761,-62.1284,0.0,top
R68,10k,R_0603_1608Metric_Pad0.98x0.95mm_HandSolder,239.74,-104.09,180.0,top
R69,150k,R_0603_1608Metric_Pad0.98x0.95mm_HandSolder,237.0582,-71.9328,-90.0,top
R70,100k,R_0603_1608Metric_Pad0.98x0.95mm_HandSolder,240.665,-75.3364,-90.0,top
R71,10k,R_0603_1608Metric_Pad0.98x0.95mm_HandSolder,239.967,-131.5235,90.0,top
R72,100k,R_0603_1608Metric_Pad0.98x0.95mm_HandSolder,241.54,-131.5475,-90.0,top
R73,100k,R_0603_1608Metric_Pad0.98x0.95mm_HandSolder,229.89445,-75.3383,90.0,top
R74,10k,R_0603_1608Metric_Pad0.98x0.95mm_HandSolder,228.2952,-111.4025,90.0,top
R75,100k,R_0603_1608Metric_Pad0.98x0.95mm_HandSolder,231.267,-72.6713,0.0,top
R76,100k,R_0603_1608Metric_Pad0.98x0.95mm_HandSolder,228.2952,-107.95,90.0,top
R77,10k,R_0603_1608Metric_Pad0.98x0.95mm_HandSolder,210.1,-68.1,180.0,top
R78,1.5k,R_0603_1608Metric_Pad0.98x0.95mm_HandSolder,156.7,-66.4875,90.0,top
R79,150k,R_0603_1608Metric_Pad0.98x0.95mm_HandSolder,233.807,-71.8058,90.0,top
R80,100k,R_0603_1608Metric_Pad0.98x0.95mm_HandSolder,238.0742,-60.5536,0.0,top
R81,10k,R_0603_1608Metric_Pad0.98x0.95mm_HandSolder,236.3275,-104.08,180.0,top
R82,150k,R_0603_1608Metric_Pad0.98x0.95mm_HandSolder,231.3178,-71.0184,0.0,top
R83,100k,R_0603_1608Metric_Pad0.98x0.95mm_HandSolder,231.3178,-69.3928,0.0,top
R84,10k,R_0603_1608Metric_Pad0.98x0.95mm_HandSolder,228.58,-95.28,90.0,top
R85,100k,R_0603_1608Metric_Pad0.98x0.95mm_HandSolder,228.58,-91.82,90.0,top
R86,330K,R_0603_1608Metric_Pad0.98x0.95mm_HandSolder,195.8625,-71.53,180.0,top
R87,56k,R_0603_1608Metric_Pad0.98x0.95mm_HandSolder,192.49,-71.52,0.0,top
R88,100R,R_0603_1608Metric_Pad0.98x0.95mm_HandSolder,93.914607,-103.5936,0.0,top
R89,56k,R_0603_1608Metric_Pad0.98x0.95mm_HandSolder,191.6,-69.05,90.0,top
R90,2k2,R_0603_1608Metric_Pad0.98x0.95mm_HandSolder,93.91,-105.2,180.0,top
R91,150k,R_0603_1608Metric_Pad0.98x0.95mm_HandSolder,188.41,-69.0,90.0,top
R92,150k,R_0603_1608Metric_Pad0.98x0.95mm_HandSolder,186.8,-68.1,90.0,top
R93,4k7,R_0603_1608Metric_Pad0.98x0.95mm_HandSolder,223.69,-62.42,0.0,top
R94,4k7,R_0603_1608Metric_Pad0.98x0.95mm_HandSolder,222.75,-60.45,0.0,top
R95,330K,R_0603_1608Metric_Pad0.98x0.95mm_HandSolder,182.1,-68.9,-90.0,top
R96,100k,R_0603_1608Metric_Pad0.98x0.95mm_HandSolder,102.07,-91.25,0.0,top
R97,150k,R_0603_1608Metric_Pad0.98x0.95mm_HandSolder,117.7125,-89.25,180.0,top
R98,100k,R_0603_1608Metric_Pad0.98x0.95mm_HandSolder,106.9,-87.72,0.0,top
R99,150k,R_0603_1608Metric_Pad0.98x0.95mm_HandSolder,106.9,-89.3,0.0,top
R100,4k7,R_0603_1608Metric_Pad0.98x0.95mm_HandSolder,128.39,-88.7,90.0,top
R101,10k,R_0603_1608Metric_Pad0.98x0.95mm_HandSolder,125.75,-92.41,-90.0,top
R102,1k,R_0603_1608Metric_Pad0.98x0.95mm_HandSolder,94.07,-91.37,0.0,top
R103,10k,R_0603_1608Metric_Pad0.98x0.95mm_HandSolder,129.94,-88.6875,90.0,top
R104,100k,R_0603_1608Metric_Pad0.98x0.95mm_HandSolder,131.59,-85.2225,-90.0,top
R105,10k,R_0603_1608Metric_Pad0.98x0.95mm_HandSolder,199.5,-71.6,180.0,top
R106,4k7,R_0603_1608Metric_Pad0.98x0.95mm_HandSolder,189.1,-71.49,180.0,top
R107,4k7,R_0603_1608Metric_Pad0.98x0.95mm_HandSolder,135.87,-88.03,180.0,top
R108,100k,R_0603_1608Metric_Pad0.98x0.95mm_HandSolder,135.87,-89.59,0.0,top
R109,10k,R_0603_1608Metric_Pad0.98x0.95mm_HandSolder,159.1,-67.2,0.0,top
R110,100R,R_0603_1608Metric_Pad0.98x0.95mm_HandSolder,159.1,-65.6,180.0,top
R111,100k,R_0603_1608Metric_Pad0.98x0.95mm_HandSolder,105.5,-91.5,180.0,top
R112,100k,R_0603_1608Metric_Pad0.98x0.95mm_HandSolder,133.15,-88.6625,-90.0,top
R113,4k7,R_0603_1608Metric_Pad0.98x0.95mm_HandSolder,118.58,-92.7825,90.0,top
R114,10k,R_0603_1608Metric_Pad0.98x0.95mm_HandSolder,125.81,-96.85,-90.0,top
R115,1k,R_0603_1608Metric_Pad0.98x0.95mm_HandSolder,101.02,-92.8,0.0,top
R116,100k,R_0603_1608Metric_Pad0.98x0.95mm_HandSolder,84.26,-103.09,-90.0,top
R117,10k,R_0603_1608Metric_Pad0.98x0.95mm_HandSolder,117.7125,-87.65,180.0,top
R118,100k,R_0603_1608Metric_Pad0.98x0.95mm_HandSolder,131.67,-99.09,180.0,top
R119,100k,R_0603_1608Metric_Pad0.98x0.95mm_HandSolder,140.55,-102.12,0.0,top
R120,2k2,R_0603_1608Metric_Pad0.98x0.95mm_HandSolder,92.2325,-89.62,180.0,top
R121,100R,R_0603_1608Metric_Pad0.98x0.95mm_HandSolder,88.91,-120.62,0.0,top
R122,100k,R_0603_1608Metric_Pad0.98x0.95mm_HandSolder,134.19,-100.0,-90.0,top
R123,2k2,R_0603_1608Metric_Pad0.98x0.95mm_HandSolder,92.235,-87.66,180.0,top
R124,100R,R_0603_1608Metric_Pad0.98x0.95mm_HandSolder,92.5075,-120.61,0.0,top
R125,10k,R_0603_1608Metric_Pad0.98x0.95mm_HandSolder,118.55,-96.3525,-90.0,top
R126,0.01R,R_1206_3216Metric_Pad1.30x1.75mm_HandSolder,63.8,-105.35,270.0,top
R127,100R,R_0603_1608Metric_Pad0.98x0.95mm_HandSolder,136.7875,-59.3,180.0,top
R128,10k,R_0603_1608Metric_Pad0.98x0.95mm_HandSolder,57.83,-104.6325,0.0,top
R129,10k,R_0603_1608Metric_Pad0.98x0.95mm_HandSolder,54.38,-104.6325,180.0,top
R130,1k,R_0603_1608Metric_Pad0.98x0.95mm_HandSolder,135.7,-61.8,-90.0,top
R131,1k,R_0603_1608Metric_Pad0.98x0.95mm_HandSolder,135.7,-65.2125,-90.0,top
R132,10k,R_0603_1608Metric_Pad0.98x0.95mm_HandSolder,67.65,-119.55,0.0,top
R133,4k7,R_0603_1608Metric_Pad0.98x0.95mm_HandSolder,56.05,-115.95,90.0,top
R134,100R,R_0603_1608Metric_Pad0.98x0.95mm_HandSolder,123.55,-88.52,90.0,top
R135,100R,R_0603_1608Metric_Pad0.98x0.95mm_HandSolder,122.0,-88.5325,90.0,top
R136,10k,R_0603_1608Metric_Pad0.98x0.95mm_HandSolder,53.4625,-113.3,0.0,top
R137,10k,R_0603_1608Metric_Pad0.98x0.95mm_HandSolder,53.4625,-111.7,0.0,top
R138,2k2,R_0603_1608Metric_Pad0.98x0.95mm_HandSolder,79.7,-121.225,180.0,top
R139,5.1k,R_0603_1608Metric_Pad0.98x0.95mm_HandSolder,72.8,-123.85,180.0,top
R140,5.1k,R_0603_1608Metric_Pad0.98x0.95mm_HandSolder,76.7375,-123.925,180.0,top
R141,330K,R_0603_1608Metric_Pad0.98x0.95mm_HandSolder,145.4,-99.5325,-90.0,top
R142,100k,R_0603_1608Metric_Pad0.98x0.95mm_HandSolder,147.01,-99.5325,90.0,top
R143,2k2,R_0603_1608Metric_Pad0.98x0.95mm_HandSolder,79.7,-119.7,180.0,top
R144,100k,R_0603_1608Metric_Pad0.98x0.95mm_HandSolder,145.4,-95.9875,-90.0,top
R145,56k,R_0603_1608Metric_Pad0.98x0.95mm_HandSolder,147.8975,-96.42,0.0,top
R146,10k,R_0603_1608Metric_Pad0.98x0.95mm_HandSolder,56.0,-112.4125,90.0,top
R147,100k,R_0603_1608Metric_Pad0.98x0.95mm_HandSolder,71.425,-121.3875,-90.0,top
R148,150k,R_0603_1608Metric_Pad0.98x0.95mm_HandSolder,147.69,-90.7075,-90.0,top
R149,150k,R_0603_1608Metric_Pad0.98x0.95mm_HandSolder,147.8975,-93.22,0.0,top
R150,100k,R_0603_1608Metric_Pad0.98x0.95mm_HandSolder,72.975,-121.3875,-90.0,top
R151,10k,R_0603_1608Metric_Pad0.98x0.95mm_HandSolder,53.475,-119.75,0.0,top
R152,10k,R_0603_1608Metric_Pad0.98x0.95mm_HandSolder,154.975,-65.725,-90.0,top
R153,330K,R_0603_1608Metric_Pad0.98x0.95mm_HandSolder,146.77,-84.81,0.0,top
R154,4k7,R_0603_1608Metric_Pad0.98x0.95mm_HandSolder,145.4,-92.47,90.0,top
R155,10k,R_0603_1608Metric_Pad0.98x0.95mm_HandSolder,155.675,-99.1875,-90.0,top
SW1,SW_SPDT,SS-12D06L5,60.3302,-127.5645,0.0,top
U1,TCA9534,TSSOP-16_4.4x5mm_P0.65mm,157.3212,-117.0936,180.0,top
U2,BQ25601,Texas_S-PWQFN-N24_EP2.7x2.7mm_ThermalVias,64.3375,-110.7,180.0,top
U4,MAX3232EEAE+T,SOP65P777X199-16N,116.365,-125.2725,0.0,top
U5,AT24C04CDRG,SOP-8_3.76x4.96mm_P1.27mm,104.868607,-107.7311,0.0,top
U6,LM324,SOIC-14_3.9x8.7mm_P1.27mm,235.2802,-77.4192,0.0,top
U7,MCP4728,MSOP-10_3x3mm_P0.5mm,232.8396,-62.7888,0.0,top
U8,TPS61088,IC_TPS61088RHLR,185.13,-72.61,270.0,top
U10,MCP4651,TSSOP-14_4.4x5mm_P0.65mm,122.2,-94.15,180.0,top
U11,LM324,SOIC-14_3.9x8.7mm_P1.27mm,131.2,-94.14,180.0,top
U12,SN74LVC1G3157DCKR,SOT-363_SC-70-6_Handsoldering,111.05,-88.38,180.0,top
U13,BQ27441-G1,Texas_S-PDSO-N12,56.15,-107.2625,270.0,top
U14,HY2111-GB,SOT-23-6_Handsoldering,133.1,-61.3712,270.0,top
U15,FS8205A,SOT-23-6_Handsoldering,133.1,-66.55,270.0,top
U16,HT7533-1,SOT-89-3,88.8,-110.0125,90.0,top
U17,TPS61088,IC_TPS61088RHLR,144.1925,-88.2,180.0,top
U18,SN74LVC1G3157DCKR,SOT-363_SC-70-6_Handsoldering,111.05,-91.55,180.0,top
U19,USBLC6-2P6,SOT-666,153.0,-125.1,-90.0,top
U20,USBLC6-2P6,SOT-666,181.6012,-126.5736,-90.0,top
U21,USBLC6-2P6,SOT-666,130.25,-108.67,180.0,top
U22,USBLC6-2P6,SOT-666,149.76,-119.5,0.0,top
U23,USBLC6-2P6,SOT-666,122.81,-108.42,-90.0,top
U24,USBLC6-2P6,SOT-666,141.3912,-115.1336,90.0,top
U25,USBLC6-2P6,SOT-666,95.96,-120.35,180.0,top
U26,SN74LVC1G3157DCKR,SOT-363_SC-70-6_Handsoldering,81.0,-123.55,180.0,top
U27,SN74LVC1G3157DCKR,SOT-363_SC-70-6_Handsoldering,85.2,-121.65,270.0,top
U28,TCA9534,TSSOP-16_4.4x5mm_P0.65mm,80.647107,-106.309285,0.0,top
